Name,,Qtt,Price
"Губка для миття (жовта, універсальна) (шт.)",GB1,7,52
Губка для миття з мікроволокна (шт.),GB2,5,81
Кий алюмінєвий універсальний 130 см (шт.),KAL,3,148
Насадка на щітку жовта NEW PROFI 300 (2-площини) (шт.),NPK1,2,208
Насадка на щітку NEW PROFI 300 (4-площини) (шт.),NPK2,1,261
Насос дозувальний металевий 5L (шт.),POM2,1,353
Папір туалет. 3-шаровий BUNNY SOFT FINESSE (шт.),PT1,0,8
Пензлик DETAIL BRUSH 12  30 mm (шт.),A171,3,112
Рукавиці захисні PERFECT GRIP латексні червоні (розмір: 9) (шт.),RPGR9,4,32
Рукавиці захисні PURE поліуретанові чорні (розмір: 10) (шт.),RPB10,1,24
Рукавиця з мікрофібри (шт.),N290,2,232
Рушник з мікроволокном PRO 420 g/m2 50 x 50 см (шт.),PCz,0,123
Рушник з мікрофібри 32 x 32 (шт.),FIB01,3,20
Рушник з мікрофібри 40 x 40 PERFECT GLASS 240 g/m2 (шт.),N256,14,45
Рушник з мікрофібри 50 x 60 PRO 320 g/m2 (шт.),FIB04,2,98
Рушник з мікрофібри жовтий 40 x 40 PROFESSIONAL BS 330 g/m2 (шт.),N287,7,72
Рушник з мікрофібри оранж. 50 x 60  240 g/m2 (шт.),N253,9,63
Рушник з мікрофібри синій 30x30 PROFESSIONAL 320 g/m2 (шт.),N250,5,29
Рушник з мікрофібри синій 40 x 40 PROFESSIONAL BS 320 g/m2 (шт.),N241,0,273
Рушник з мікрофібри синій FLUFFY 60 x 90 cm (шт.),N275,5,312
Рушник паперовий (300 шт.) BUNNY SOFT JUMBO (шт.),RK1,9,54
Рушник паперовий промисловий синій (300 м) (шт.),CZ02,0,225
Рушники паперові зелені ZET-ZET (200 шт) (шт.),ZET2,0,15
Стягачка води силіконова без ручки (шт.),SIL2,6,201
Стягачка води силіконова з ручкою (шт.),SIL1,5,119
Стягачка металева 60см (шт.),ZG60,2,220
Стягачка металева 80см (шт.),ZG80,2,312
Щітка + кий телескоп. 300 cm NEW PROFI 300 (шт.),NP300,2,643
Щітка для миття автомобіля м'ягка CAMBER SOFT (шт.),SZCS,7,193
Щітка для миття вікон з києм (шт.),SZK60,1,245
Щітка для миття вікон телескопічна (шт.),MKT,2,266
Щітка для шкіри натуральна (шт.),B040,0,96
ЩІтка для щищення поверхонь DETAIL EXPERT (шт.),A160,4,72
Щітка колісна довга 7 x 50 cm (шт.),SZD50,5,145
Щітка колісна кругла 29 см (шт.),SZO29,3,102
Щітка синтетична + кий телескоп. 100-170 cm NEW PROFI 170 (шт.),NP170,2,509
"Щітка-стягачка 2 в 1, 35см для підлоги (шт.)",SZG35,1,288
AGRO 10L Активна піна для миття агро-техніки (шт.),PC301-10,1,1566
AGRO 1L Активна піна для миття агротехніки (шт.),PC301-1,20,184
AGRO 200L Активна піна для миття агротехніки (шт.),PC301-200,0,28676
AGRO 20L Активна піна для миття агротехніки (шт.),PC301-20,1,2948
AGRO 5L Активна піна для миття агротехніки (шт.),PC301-5,0,875
AGRO 60L Активна піна для миття агротехніки (шт.),PC301-60,0,8569
AIR FRESH – Jablko 5L Освіжувач повітря з запахом зеленого яблука (шт.),PC209-5,0,1191
AIR FRESH – Jablko 6 l Освіжувач повітря з запахом зеленого яблука (шт.),PC209-6,0,
AIR FRESH – Wanilia 5L Освіжувач повітря з ванільним запахом (шт.),PC208-5,0,1191
AIR FRESH – Wanilia 6 l Освіжувач повітря з ванільним запахом (шт.),PC208-6,0,
AIR FRESH – Zielona herbata 5L Освіжувач повітря з запахом зеленого чаю (шт.),PC217-5,0,1191
AIR FRESH – Zielona herbata 6 l Освіжувач повітря з запахом зеленого чаю (шт.),PC217-6,0,
AIR FRESH – Zielona herbata 750 ml Освіжувач повітря з запахом зеленого чаю (шт.),"PC217-0,75",23,228
AIR FRESH APPLE 750ml Освіжувач повітря із запахом яблука (шт.),"PC209-0,75",19,228
AIR FRESH VANILLA 750ml Освіжувач повітря із запахом ванілі (шт.),"PC208-0,75",13,228
ALU EXPERT 10 l Концентрат для алюмінієвих поверхонь (шт.),PC006-10,2,921
ALU EXPERT 1L Концентрат для алюмінієвих поверхонь (шт.),PC006-1,48,120
ALU EXPERT 2 x 20 l Концентрат для алюмінієвих поверхонь (шт.),PC006,0,
ALU EXPERT 20 l Концентрат для алюмінієвих поверхонь (шт.),PC006-20,1,1686
ALU EXPERT 200 l Концентрат для алюмінієвих поверхонь (шт.),PC006-200,0,15894
ALU EXPERT 5L Концентрат для алюмінієвих поверхонь (шт.),PC006-5,3,553
ALU EXPERT 6 l Концентрат для алюмінієвих поверхонь (шт.),PC006-6,0,584
ALU EXPERT 60 l Концентрат для алюмінієвих поверхонь (шт.),PC006-60,0,5209
BASIC 10 kg Засіб для глибокого чищення (шт.),PC106-10,0,1133
BASIC 11 kg Засіб для глибокого чищення (шт.),PC106-11,0,
BASIC 1kg Засіб для глибокого чищення плитки (шт.),PC106-1,34,138
BASIC 5 kg Засіб для глибокого чищення (шт.),PC106-5,0,645
BASIC 7 kg Засіб для глибокого чищення (шт.),PC106-7,0,
BLACK 1 l Засіб для захисту пластику та гуми (шт.),PC202-1,0,318
BLACK 10 l Засіб для захисту пластику та гуми (шт.),PC202-10,0,2381
BLACK 20 l Засіб для захисту пластику та гуми (шт.),PC202-20,0,
BLACK 200 ml Засіб для захисту пластику та гуми (шт.),"PC202-0,2",15,119
BLACK 500 ml Засіб для захисту пластику та гуми (шт.),"PC202-0,5",0,
BLACK 5L Засіб для захисту пластику та гуми (шт.),PC202-5,3,1340
BLACK 6 l Засіб для захисту пластику та гуми (шт.),PC202-6,0,
BLACK 750ml Засіб для захисту пластику та гуми (шт.),"PC202-0,75",32,288
BLOODY MARY 10 l Засіб для миття дисків (деоінізатор) (шт.),PC224-10,0,2540
BLOODY MARY 5 l Засіб для миття дисків (деоінізатор) (шт.),PC224-5,1,1478
BLOODY MARY 6L Засіб для для миття дисків pH=7 (Деіонізатор) (шт.),PC224-6,2,1478
BLOODY MARY 750ml Засіб для для миття дисків pH=7 (Деіонізатор) (шт.),"PC224-0,75",39,238
BRAKE CLEANER 0.5L Очисник гальм (шт.),"PC013-0,5",44,83
BRAKE CLEANER 10 l Очищувач гальмівних поверхонь (шт.),PC013-10,3,919
BRAKE CLEANER 1L Очисник гальм (шт.),PC013-1,5,138
BRAKE CLEANER 2 x 20 l Очищувач гальмівних поверхонь (шт.),PC013,0,
BRAKE CLEANER 20 l Очищувач гальмівних поверхонь (шт.),PC013-20,0,
BRAKE CLEANER 30L Очищувач гальмівних поверхонь (шт.),PC013-30,1,2381
BURNOUT 5L Рідина для чищення духовок та камінів (шт.),PC104-5,0,1060
BURNOUT 6 l Рідина для чищення духовок та камінів (шт.),PC104-6,0,
BURNOUT 600ml Засіб для чищення духовок та камінів (шт.),"PC104-0,6",52,166
COCKPIT 10l Рідина для збереження пластикових елементів (шт.),PC205-10,0,1281
COCKPIT 200 ml Рідина для збереження пластикових елементів (шт.),"PC205-0,2",80,78
COCKPIT 500 ml Рідина для збереження пластикових елементів (шт.),"PC205-0,5",27,120
COCKPIT 5L Рідина для збереження пластикових елементів (шт.),PC205-5,0,719
COCKPIT 6 l Рідина для збереження пластикових елементів (шт.),PC205-6,0,
COCKPIT 600ml Засіб для поліролю пластикових елементів (шт.),"PC205-0,6",4,112
DEEP - Fuzja owocowa 6 l Освіжувач повітря (шт.),PC222-6,0,
DEEP - Kwiat pasji 6 l Освіжувач повітря (шт.),PC220-6,0,
DEEP - New Car 6 l Освіжувач повітря (шт.),PC223-6,0,
DEEP - Zielona herbata 6 l Освіжувач повітря (шт.),PC221-6,0,
DEEP 200ml Освіжувач повітря - алое (шт.),"PC220-0,2",12,157
DEEP 200ml Освіжувач повітря - гібіскус (шт.),"PC222-0,2",6,157
DEEP 200ml Освіжувач повітря - грейфрут (шт.),"PC229-0,2",19,157
DEEP 200ml Освіжувач повітря - ейфорія (шт.),"PC234-0,2",4,157
DEEP 200ml Освіжувач повітря - зелений чай (шт.),"PC230-0,2",16,157
DEEP 200ml Освіжувач повітря - мадагаскар (шт.),"PC227-0,2",5,157
DEEP 200ml Освіжувач повітря - морська свіжість (шт.),"PC221-0,2",11,157
DEEP 200ml Освіжувач повітря - чорна субота (шт.),"PC231-0,2",5,157
DEEP 200ml Освіжувач повітря - чорний виноград (шт.),"PC232-0,2",11,157
DEEP 200ml Освіжувач повітря із запахом квітів (шт.),"PC233-0,2",15,157
DEEP 200ml Освіжувач повітря із запахом нового автомобіля (шт.),"PC235-0,2",15,157
DEEP 200ml Освіжувач повітря із запахом фруктовий мікс (шт.),"PC223-0,2",7,157
DEFROSTER 750ml Відморожувач вікон (шт.),"PC210-0,75",30,119
DPF CLEANER 10L Засіб для чищення DPF i EGR (шт.),PC018-10,2,1889
DPF CLEANER 1L Засіб для чищення DPF i EGR (шт.),PC018-1,19,230
DPF CLEANER 2 x 20 l Засіб для чищення DPF i EGR (шт.),PC018,0,
DPF CLEANER 20 L Засіб для чищення DPF i EGR (шт.),PC018-20,3,3593
DPF CLEANER 5L Засіб для чищення DPF i EGR (шт.),PC018-5,2,1096
DPF CLEANER 6 l Засіб для чищення DPF i EGR (шт.),PC018-6,0,
DPF WASHER 10L Засіб для чищення DPF i EGR за допомогою установки (шт.),PC024-10,1,4782
DPF WASHER 20L Засіб для чищення DPF i EGR за допомогою установки (шт.),PC024-20,0,8836
DPF WASHER 5L Засіб для чищення DPF i EGR за допомогою установки (шт.),PC024-5,1,2571
EASY WAX 200ml Віск автомобільний (шт.),"PC207-0,2",18,83
EASY WAX 5L Віск автомобільний (шт.),PC207-5,0,912
EASY WAX 6 l Віск автомобільний (шт.),PC207-6,0,
EASY WAX 750ml Віск автомобільний (шт.),"PC207-0,75",33,203
EKO 10L Паста до миття рук (шт.),PC002-10,2,744
EKO 5 l Паста до миття рук (шт.),PC002-5,10,417
EKO 500 ml Паста до миття рук (шт.),"PC002-0,5",66,50
EXPERT 1 l Концентрат для знежирення та миття (шт.),PC004-1,0,208
EXPERT 10 l Концентрат для знежирення та миття (шт.),PC004-10,0,1677
EXPERT 20 l Концентрат для знежирення та миття (шт.),PC004-20,0,3165
EXPERT 5L Концентрат для знежирення та миття (шт.),PC004-5,0,982
EXPERT 6 l Концентрат для знежирення та миття (шт.),PC004-6,0,
EXPERT READY 10L Засіб для знежирення та миття (шт.),PC999-10,6,1281
EXPERT READY 1L Засіб для знежирення та миття (шт.),PC999-1,211,157
EXPERT READY 5L Засіб для знежирення та миття (шт.),PC999-5,2,700
FIANL WAX 1L Гідровіск автомобільний з осушувачем (шт.),PC215-1,13,230
"FINAL WAX 10 l Гідровіск, що не потребує витирання (шт.)",PC215-10,0,1834
"FINAL WAX 2 x 20 l Гідровіск, що не потребує витирання (шт.)",PC215,0,
"FINAL WAX 20 l Гідровіск, що не потребує витирання (шт.)",PC215-20,0,3492
"FINAL WAX 5L Гідровіск, що не потребує витирання (шт.)",PC215-5,2,1060
"FINAL WAX 6 l Гідровіск, що не потребує витирання (шт.)",PC215-6,0,
FLAT EXPERT 10 l Концентрат для очищення промислових підлог (шт.),PC005-10,0,883
FLAT EXPERT 1L Концентрат для миття підлоги (шт.),PC005-1,13,109
FLAT EXPERT 2 x 20 l Концентрат для очищення промислових підлог (шт.),PC005,0,
FLAT EXPERT 20 l Концентрат для очищення промислових підлог (шт.),PC005-20,0,1637
FLAT EXPERT 5L Концентрат для очищення промислових підлог (шт.),PC005-5,0,506
FLAT EXPERT 6 l Концентрат для очищення промислових підлог (шт.),PC005-6,0,
FLUSH 5L Гель для чищення туалету (шт.),PC111-5,0,461
FLUSH 6 l Гель для чищення туалету (шт.),PC111-6,0,
FLUSH 750ml Гель для чищення туалету (шт.),"PC111-0,75",10,92
GLAMOUR 10 l Піна активна нейтральна (шт.),PC225-10,0,1797
GLAMOUR 1L Піна активна нейтральна для миття автомобілів (шт.),PC225-1,15,221
GLAMOUR 5L Піна активна нейтральна (шт.),PC225-5,0,1013
GLAMOUR 6 l Піна активна нейтральна (шт.),PC225-6,0,
GLAMOUR VIRGIN 1L Піна активна нейтральна (шт.),PC228-1,10,157
ICE KILLER 10 kg Засіб для розморожування (шт.),PC017-10,1,526
ICE KILLER 20 kg Засіб для розморожування (шт.),PC017-20,0,972
ICE KILLER 5 kg Засіб для розморожування (шт.),PC017-5,2,298
"IMPERIAL 1,5 l Гель для прання - букет фруктів (шт.)","PC123-1,5",4,179
"IMPERIAL 1,5 l Гель для прання - діамантова розкіш (шт.)","PC122-1,5",1,179
"IMPERIAL 1,5 l Гель для прання - овочевий мікс (шт.)","PC116-1,5",4,179
"IMPERIAL 1,5 l Гель для прання - SPA (шт.)","PC121-1,5",1,179
IMPERIAL 10 l Гель для прання (шт.),PC116-10,0,1091
IMPERIAL 10 l Гель для прання (шт.),PC116-10,0,
IMPERIAL 4 l Гель для прання (шт.),PC116-4,2,456
INSECT 10 l Засіб для видалення залишків комах (шт.),PC204-10,2,756
INSECT 2 x 20 l Засіб для видалення залишків комах (шт.),PC204,0,
INSECT 20 l Засіб для видалення залишків комах (шт.),PC204-20,0,1437
INSECT 5 l Засіб для видалення залишків комах (шт.),PC204-5,4,452
INSECT 6 l Засіб для видалення залишків комах (шт.),PC204-6,0,
INSECT 600ml Засіб для видалення залишків комах (шт.),"PC204-0,6",33,101
"INTENSIVE 1,5 l Засіб для полоскання тканин - діамантова розкіш (шт.)","PC120-1,5",1,208
"INTENSIVE 1,5 l Засіб для полоскання тканин букет квітів (шт.)","PC118-1,5",6,208
"INTENSIVE 1,5 l Засіб для полоскання тканин фруктовий мікс (шт.)","PC115-1,5",7,208
"INTENSIVE 1,5 l Засіб для полоскання тканин SPA (шт.)","PC119-1,5",4,208
INTENSIVE 10 l Засіб для полоскання тканин фруктовий мікс (шт.),PC115-10,0,1280
INTENSIVE 10L Засіб для полоскання тканин - Букет квітів (шт.),PC118-10,0,1280
INTENSIVE 4 l Засіб для полоскання тканин фруктовий мікс (шт.),PC115-4,1,536
INTENSIVE 4L Засіб для полоскання тканин - Букет квітів (шт.),PC118-4,1,536
JUMBO 10 l Засіб для миття кухні (шт.),PC112-10,2,1152
JUMBO 5L Засіб для миття кухні (шт.),PC112-5,0,673
JUMBO 6 l Засіб для миття кухні (шт.),PC112-6,0,
JUMBO 600ml Засіб для миття кухні (шт.),"PC112-0,6",41,120
LAK 1 l Паста для митя рук від лаку і фарби (шт.),PC003-1,3,153
LAK 10 l Паста для митя рук від лаку і фарби (шт.),PC003-10,0,
LAK 5 l Паста для митя рук від лаку і фарби (шт.),PC003-5,0,
LAMINEL 10 l Рідина для чищення та догляду за панелями (ламінати) (шт.),PC108-10,0,814
LAMINEL 1L Рідина для чищення та догляду за панелями (ламінати) (шт.),PC108-1,25,92
LAMINEL 5L Рідина для чищення та догляду за ламінатом (шт.),PC108-5,0,496
LAMINEL 6 l Рідина для чищення та догляду за панелями (ламінати) (шт.),PC108-6,0,
LATEX 10L Препарат для видалення латексу (шт.),PC023-10,0,1106
LATEX 1L Препарат для видалення латексу (шт.),PC023-1,8,147
LATEX 20L Препарат для видалення латексу (шт.),PC023-20,5,2027
LATEX 5L Препарат для видалення латексу (шт.),PC023-5,0,645
LEATHER PROTECTOR 200 ml Засіб для чищення і захисту шкіри (шт.),"PC203-0,2",6,120
LEATHER PROTECTOR 5L Засіб для чищення і захисту шкіри (шт.),PC203-5,0,1474
LEATHER PROTECTOR 6 l Засіб для чищення і захисту шкіри (шт.),PC203-6,0,
LEATHER PROTECTOR 750ml Засіб для чищення і захисту шкіри (шт.),"PC203-0,75",29,276
LEMON 10 l Гель паста до миття рук з запахом лимону (шт.),PC001-10,0,912
LEMON 1L Гель паста до миття рук із запахом лимону (шт.),"PC001-0,5",46,120
LEMON 500 ml Гель паста до миття рук з запахом лимону (шт.),PC001-6,28,69
LEMON 5L Гель паста до миття рук (шт.),PC001-1,1,553
LEMON 6 l Гель паста до миття рук з запахом лимону (шт.),PC001-5,0,830
MAGIC 10 l Засіб для миття підлог (шт.),PC109-10,0,999
MAGIC 1L Засіб для миття підлог (шт.),PC109-1,21,122
MAGIC 5L Засіб для миття підлог (шт.),PC109-5,0,595
MAGIC 6 l Засіб для миття підлог (шт.),PC109-6,0,
Mercury Super 360 Pro 0.5L Ручний розпилювач для нейтральних рідин (шт.),KWA005,1,165
Mercury Super 360 Pro 0.5L Ручний розпилювач для нейтральних рідин (шт.),KWA007,2,165
Mercury Super 360 Pro 1L Ручний розпилювач для нейтральних рідин (шт.),KWA10,0,150
MOTO CLEANER 10 l Засіб для миття двигунів (шт.),PC010-10,1,686
MOTO CLEANER 20 L Засіб для миття двигунів (шт.),PC010-20,2,1373
MOTO CLEANER 200 l Засіб для миття двигунів (шт.),PC010,0,
MOTO CLEANER 200L Засіб для миття двигунів (шт.),PC010-200,0,13743
MOTO CLEANER 5L Засіб для миття двигунів (шт.),PC010-5,7,452
MOTO CLEANER 6 l Засіб для миття двигунів (шт.),PC010-6,0,
MOTO CLEANER 600ml Засіб для миття двигунів (шт.),"PC010-0,6",53,101
MYSTERY 1L Делікатне мило-піна з запахом винограду (шт.),PC117-1,0,157
MYSTERY 300 ml Делікатне мило-піна (шт.),"PC117-0,3",74,83
MYSTERY 5L Делікатне мило-піна з запахом винограду (шт.),PC117-5,0,415
NANO 10 l Засіб для миття скляних поверхонь (шт.),PC102-10,0,940
NANO 5L Засіб для миття скляних поверхонь (шт.),PC102-5,0,599
NANO 6 l Засіб для миття скляних поверхонь (шт.),PC102-6,0,
NANO 750ml Засіб для миття скляних поверхонь (шт.),"PC102-0,75",45,115
NIX HD Acid V 0.5L Ручний розпилювач під тиском для кислот (шт.),KWAK05,3,248
Nix HD Solvent 0.5L Ручний розпилювач для органічних розчинників (шт.),KWAR05,4,262
NON STICKY 1L Засіб для чищення лакованих поверхонь (шт.),PC014-1,0,883
NON STICKY 200ml Засіб для чищення лакованих поверхонь (шт.),"PC014-0,2",26,248
NON STICKY 500 ml Засіб для чищення лакованих поверхонь (шт.),"PC014-0,5",0,
NON STICKY 5L Засіб для чищення лакованих поверхонь (шт.),PC014-5,0,3959
PLASTIC PASSION 10 l Засіб для чищення пластикових поверхонь (шт.),PC219-10,0,1428
PLASTIC PASSION 5L Засіб для чищення пластикових поверхонь (шт.),PC219-5,0,838
PLASTIC PASSION 6 l Засіб для чищення пластикових поверхонь (шт.),PC219-6,0,
PLASTIC PASSION 600ml Засіб для чищення пластикових поверхонь (шт.),"PC219-0,6",34,147
PRO MAT 1 l Додаток для підготовки поверхонь перед фарбуванням (шт.),PC011-1,2,113
PRO MAT 6 l Додаток для підготовки поверхонь перед фарбуванням (шт.),PC011-6,0,
PURE PERFECTION 10 kg Піна активна для миття автомобілів (шт.),PC213-10,0,1022
PURE PERFECTION 1000 kg Піна активна для миття автомобілів (шт.),PC213-100,0,
PURE PERFECTION 11 kg Піна активна для миття автомобілів (шт.),PC213-11,0,
PURE PERFECTION 1kg Піна активна для миття автомобілів (шт.),PC213-1,16,129
PURE PERFECTION 2 x 22 kg Піна активна для миття автомобілів (шт.),PC213,0,
PURE PERFECTION 22 kg Піна активна для миття автомобілів (шт.),PC213-22,1,2044
PURE PERFECTION 220 kg Піна активна для миття автомобілів (шт.),PC213-220,0,19019
PURE PERFECTION 5 kg Піна активна для миття автомобілів (шт.),PC213-5,0,605
PURE PERFECTION 66 kg Піна активна для миття автомобілів (шт.),PC213-66,0,6272
PURE PERFECTION 7kg Піна активна для миття автомобілів (шт.),PC213-7,1,702
RED MONSTER (на розлив) Засіб для миття дисків автомобільних (шт.),PC214,9,
RED MONSTER 10 l Засіб для миття дисків автомобільних (шт.),PC214-10,1,1106
RED MONSTER 1L Засіб для миття дисків автомобільних (pH=1) (шт.),PC214-1,9,166
RED MONSTER 2 x 20 l Засіб для миття дисків автомобільних (шт.),PC214,0,
RED MONSTER 20L Засіб для миття дисків автомобільних (pH=1) (шт.),PC214-20,1,1981
RED MONSTER 5L Засіб для миття дисків автомобільних (шт.),PC214-5,4,636
RED MONSTER 6 l Засіб для миття дисків автомобільних (шт.),PC214-6,0,
RED MONSTER 750ml Засіб для миття дисків автомобільних (pH=1) (шт.),"PC214-0,75",32,120
ROST 1 kg Концентрат для видалення вапняку та іржі (шт.),PC008-1,10,157
ROST 12 kg Концентрат для видалення вапняку та іржі (шт.),PC008-12,0,1373
ROST 6 kg Концентрат для видалення вапняку та іржі (шт.),PC008-6,0,783
ROST 600g Засіб для видалення вапняних відкладень та іржі (шт.),"PC008-0,6",17,120
ROST 700g Засіб для видалення вапняних відкладень та іржі (шт.),"PC008-0,7",3,112
ROST 8 kg Концентрат для видалення вапняку та іржі (шт.),PC008-8,0,
"ROST ACTIV 10 l Препарат до видалення вапняних відкладень з душових кабін, фітингів та плиток (шт.)",PC101-10,0,1152
"ROST ACTIV 5L Препарат до видалення вапняних відкладень з душових кабін, фітингів та плиток (шт.)",PC101-5,0,691
"ROST ACTIV 6 l Препарат до видалення вапняних відкладень з душових кабін, фітингів та плиток (шт.)",PC101-6,0,
"ROST ACTIVE 750ml Засіб для видалення вапняних відкладень з душових кабін, арматури та плитки (шт.)","PC101-0,75",21,138
SHAMPOO – Cytryna 1 l Концентрований автомобільний шампунь з лимонним запахом (шт.),PC211-1,21,92
SHAMPOO – Cytryna 10 l Концентрований автомобільний шампунь з лимонним запахом (шт.),PC211-10,0,673
SHAMPOO – Cytryna 2 x 20 l Концентрований автомобільний шампунь з лимонним запахом (шт.),PC211,0,
SHAMPOO – Cytryna 20 l Концентрований автомобільний шампунь з лимонним запахом (шт.),PC211-20,0,1198
SHAMPOO – Cytryna 5L Концентрований автомобільний шампунь з лимонним запахом (шт.),PC211-5,0,405
SHAMPOO – Cytryna 6 l Концентрований автомобільний шампунь з лимонним запахом (шт.),PC211-6,0,
SHAMPOO – Guma balonowa 10 l Концентрований автомобільний шампунь з запахом жуйки (шт.),PC216-10,0,673
SHAMPOO – Guma balonowa 2 x 20 l Концентрований автомобільний шампунь з запахом жуйки (шт.),PC216,0,
SHAMPOO – Guma balonowa 20 l Концентрований автомобільний шампунь з запахом жуйки (шт.),PC216-20,0,1198
SHAMPOO – Guma balonowa 5L Концентрований автомобільний шампунь з запахом жуйки (шт.),PC216-5,0,405
SHAMPOO – Guma balonowa 6 l Концентрований автомобільний шампунь з запахом жуйки (шт.),PC216-6,0,
SHAMPOO 1L Шампунь-концентрат для автомобілів із запахом жуйки (шт.),PC216-1,27,92
SHAMPOO ACTIV 10 kg Активний шампунь для легкових автомобілів (шт.),PC212-10,0,1152
SHAMPOO ACTIV 1000 kg Активний шампунь для легкових автомобілів (шт.),PC212-1000,0,
SHAMPOO ACTIV 2 x 22 kg Активний шампунь для легкових автомобілів (шт.),PC212,0,
SHAMPOO ACTIV 22 kg Активний шампунь для легкових автомобілів (шт.),PC212-22,1,2239
SHAMPOO ACTIV 220 kg Активний шампунь для легкових автомобілів (шт.),PC212-220,0,21284
SHAMPOO ACTIV 5 kg Активний шампунь для легкових автомобілів (шт.),PC212-5,0,682
SHAMPOO ACTIV 66 kg Активний шампунь для легкових автомобілів (шт.),PC212-66,0,6847
SHAMPOO ACTIVE 11kg Активний шампунь для легкових автомобілів (шт.),PC212-11,1,1648
SHAMPOO ACTIVE 1kg Активний шампунь для легкових автомобілів (шт.),PC212-1,25,138
SHAMPOO ACTIVE 7kg Активний шампунь для легкових автомобілів (шт.),PC212-7,1,1095
SHINE 200ml Засіб для миття моніторів та екранів LCD (шт.),"PC103-0,2",11,78
SHINE 750 ml Засіб для миття моніторів та екранів LCD (шт.),"PC103-0,75",14,120
SMOOTH 1L Нейтралізатор піни для устаткування для мийок (шт.),PC022-1,3,885
SMOOTH 500 ml Нейтралізатор піни для устаткування для мийок (шт.),"PC022-0,5",1,442
SOFT HONEY 10 l Рідке мило з запахом меду і молока (шт.),PC113-10,0,685
SOFT HONEY 1L Рідке мило із запахом меду (шт.),PC113-1,0,99
SOFT HONEY 500ml Рідке мило із запахом меду (шт.),"PC113-0,5",7,60
SOFT HONEY 5L Рідке мило з запахом меду і молока (шт.),PC113-5,0,417
SOFT HONEY 6 l Рідке мило з запахом меду і молока (шт.),PC113-6,0,
SOFT ORANGE 1 l Рідке мило з помаранчевим запахом (шт.),PC105-1,0,99
SOFT ORANGE 10 l Рідке мило з помаранчевим запахом (шт.),PC105-10,0,685
SOFT ORANGE 500ml Рідке мило із запахом апельсину (шт.),"PC105-0,5",8,60
SOFT ORANGE 5L Рідке мило з помаранчевим запахом (шт.),PC105-5,0,417
SOFT ORANGE 6 l Рідке мило з помаранчевим запахом (шт.),PC105-6,0,
Solvent 1L Ручний розпилювач під тиском для рідин з органічних розчинників (шт.),FOR1,4,697
Solvent Alu 0.5L Алюмінієвий обприскувач під тиском для рідин з органічних розчинників (шт.),FOR05,0,1224
SUMMER 1 l Концентрат засобу до миття вікон (літній) (шт.),PC226-1,0,295
SUMMER 10 l Концентрат засобу до миття вікон (літній) (шт.),PC226-10,0,2396
SUPER CLEAN 10 l Засіб для автоматизованого миття підлоги (шт.),PC009-10,0,982
SUPER CLEAN 1L Засіб для автоматизованого миття підлоги (шт.),PC009-1,11,129
SUPER CLEAN 2 x 20 l Засіб для автоматизованого миття підлоги (шт.),PC009,0,
SUPER CLEAN 20 l Засіб для автоматизованого миття підлоги (шт.),PC009-20,1,1875
TAPI  6 l Засіб для чистки оббивки та килимів (шт.),PC206-6,0,
TAPI 500ml Засіб для чищення килимів та диванів (шт.),"PC206-0,5",25,120
TAPI 5L Засіб для чистки оббивки та килимів (шт.),PC206-5,0,719
TAPI WASHER 10 l Концентрат для прання оббивки та килимів (шт.),PC107-10,1,1087
TAPI WASHER 1L Засіб для чищення килимів та диванів (шт.),PC107-1,11,138
TAPI WASHER 2 x 20 l Концентрат для прання оббивки та килимів (шт.),PC107,0,
TAPI WASHER 20 l Концентрат для прання оббивки та килимів (шт.),PC107-20,0,2027
TAPI WASHER 5L Концентрат для прання оббивки та килимів (шт.),PC107-5,0,663
TAPI WASHER 6 l Концентрат для прання оббивки та килимів (шт.),PC107-6,0,
TRUCK 10 kg Багатофункціональний засіб для миття (шт.),PC007-10,0,943
TRUCK 1kg Багатофункціональний засіб для миття вантажних автомобілів (шт.),PC007-1,14,119
TRUCK 2 x 22 kg Багатофункціональний засіб для миття (шт.),PC007,0,
TRUCK 22 kg Багатофункціональний засіб для миття (шт.),PC007-22,0,1836
TRUCK 220 kg Багатофункціональний засіб для миття (шт.),PC007-220,0,16266
TRUCK 5 kg Багатофункціональний засіб для миття (шт.),PC007-5,1,556
TRUCK 66 kg Багатофункціональний засіб для миття (шт.),PC007-66,0,5316
TRUCK 7 kg Багатофункціональний засіб для миття (шт.),PC007-7,0,
TRUCK STRONG 10 kg Висококонцентрований продукт для миття вантажних автомобілів (шт.),PC019-10,0,1042
TRUCK STRONG 11 kg Висококонцентрований продукт для миття вантажних автомобілів (шт.),PC019-11,0,
TRUCK STRONG 1kg Висококонцентрована рідина для миття вантажних автомобілів (шт.),PC019-1,12,129
TRUCK STRONG 2 x 22 kg Висококонцентрований продукт для миття вантажних автомобілів (шт.),PC019,0,
TRUCK STRONG 22 kg Висококонцентрований продукт для миття вантажних автомобілів (шт.),PC019-22,0,1813
TRUCK STRONG 5 kg Висококонцентрований продукт для миття вантажних автомобілів (шт.),PC019-5,0,605
TRUCK STRONG 7 kg Висококонцентрований продукт для миття вантажних автомобілів (шт.),PC019-7,0,
TRUCK URBAN 10 kg Висококонцентрований продукт для очищення вантажних автомобілів (шт.),PC021-10,0,967
TRUCK URBAN 11 kg Висококонцентрований продукт для очищення міського транспорту (шт.),PC021-11,0,
TRUCK URBAN 1kg Висококонцентрована рідина для миття вантажних автомобілів (шт.),PC021-1,18,120
TRUCK URBAN 2 x 22 kg Висококонцентрований продукт для очищення міського транспорту (шт.),PC021,0,
TRUCK URBAN 22 kg Висококонцентрований продукт для очищення міського транспорту (шт.),PC021-22,0,1834
TRUCK URBAN 5 kg Висококонцентрований продукт для очищення вантажних автомобілів (шт.),PC021-5,0,562
TRUCK URBAN 7 kg Висококонцентрований продукт для очищення міського транспорту (шт.),PC021-7,0,
Venus Super 360 Pro+ (Acid Line) 1.5L Ручний розпилювач під тиском для кислот (шт.),KWAK15,1,552
Venus Super 360 Pro+ (Alka Line) 1.5L Ручний розпилювач під тиском для лужних рідин (активних пін) (шт.),KWA15A,1,512
Venus Super Foamer (Alka Line) 2L Ручний піноутворювач для лужних рідин (активних пін) (шт.),KWAP2,0,736
WASH MASTER - Cytryna 5L Засіб для миття посуду - лимонний запах (шт.),PC110-5,0,367
WASH MASTER - Malina 5L Засіб для миття посуду - малиновий запах (шт.),PC114-5,0,367
WASH MASTER 1 l Засіб для миття посуду - алое (шт.),PC124-1,26,74
WASH MASTER 1 l Засіб для миття посуду - лимон (шт.),PC110-1,10,74
WASH MASTER 1 l Засіб для миття посуду - чорний виноград (шт.),PC125-1,29,74
WASH MASTER 10 l Засіб для миття посуду - лимон (шт.),PC110-10,0,605
WASH MASTER 10 l Засіб для миття посуду - малина (шт.),PC114-10,0,605
WASH MASTER 1L Засіб для миття посуду - малина (шт.),PC114-1,24,74
WASH MASTER 6 l Засіб для миття посуду - лимон (шт.),PC110-6,0,
WASH MASTER 6 l Засіб для миття посуду - малина (шт.),PC114-6,0,
WF STORM 10 l Засіб для автоматичних портальних мийок (шт.),PC015-10,2,1236
WF STORM 20 l Засіб для автоматичних портальних мийок (шт.),PC015-20,0,2257
WF STORM 60 l Засіб для автоматичних портальних мийок (шт.),PC015-60,0,6464
Xi6 Viton 6L Ручний розпилювач для хімікатів (шт.),KWAXi6,1,742