Name,Qtt,Price
DPF WASHER 10L Засіб для чищення DPF i EGR за допомогою установки (шт.),1,4782
AGRO 20L Активна піна для миття агротехніки (шт.),1,2948
DPF WASHER 5L Засіб для чищення DPF i EGR за допомогою установки (шт.),1,2571
BRAKE CLEANER 30L Очищувач гальмівних поверхонь (шт.),1,2381
SHAMPOO ACTIV 22 kg Активний шампунь для легкових автомобілів (шт.),1,2239
PURE PERFECTION 22 kg Піна активна для миття автомобілів (шт.),1,2044
RED MONSTER 20L Засіб для миття дисків автомобільних (pH=1) (шт.),1,1981
SUPER CLEAN 20 l Засіб для автоматизованого миття підлоги (шт.),1,1875
ALU EXPERT 20 l Концентрат для алюмінієвих поверхонь (шт.),1,1686
SHAMPOO ACTIVE 11kg Активний шампунь для легкових автомобілів (шт.),1,1648
AGRO 10L Активна піна для миття агро-техніки (шт.),1,1566
BLOODY MARY 5 l Засіб для миття дисків (деоінізатор) (шт.),1,1478
RED MONSTER 10 l Засіб для миття дисків автомобільних (шт.),1,1106
SHAMPOO ACTIVE 7kg Активний шампунь для легкових автомобілів (шт.),1,1095
TAPI WASHER 10 l Концентрат для прання оббивки та килимів (шт.),1,1087
Xi6 Viton 6L Ручний розпилювач для хімікатів (шт.),1,742
PURE PERFECTION 7kg Піна активна для миття автомобілів (шт.),1,702
MOTO CLEANER 10 l Засіб для миття двигунів (шт.),1,686
TRUCK 5 kg Багатофункціональний засіб для миття (шт.),1,556
LEMON 5L Гель паста до миття рук (шт.),1,553
Venus Super 360 Pro+ (Acid Line) 1.5L Ручний розпилювач під тиском для кислот (шт.),1,552
INTENSIVE 4 l Засіб для полоскання тканин фруктовий мікс (шт.),1,536
INTENSIVE 4L Засіб для полоскання тканин - Букет квітів (шт.),1,536
ICE KILLER 10 kg Засіб для розморожування (шт.),1,526
Venus Super 360 Pro+ (Alka Line) 1.5L Ручний розпилювач під тиском для лужних рідин (активних пін) (шт.),1,512
SMOOTH 500 ml Нейтралізатор піни для устаткування для мийок (шт.),1,442
Насос дозувальний металевий 5L (шт.),1,353
"Щітка-стягачка 2 в 1, 35см для підлоги (шт.)",1,288
Насадка на щітку NEW PROFI 300 (4-площини) (шт.),1,261
Щітка для миття вікон з києм (шт.),1,245
"INTENSIVE 1,5 l Засіб для полоскання тканин - діамантова розкіш (шт.)",1,208
"IMPERIAL 1,5 l Гель для прання - SPA (шт.)",1,179
"IMPERIAL 1,5 l Гель для прання - діамантова розкіш (шт.)",1,179
Mercury Super 360 Pro 0.5L Ручний розпилювач для нейтральних рідин (шт.),1,165
Рукавиці захисні PURE поліуретанові чорні (розмір: 10) (шт.),1,24
DPF CLEANER 10L Засіб для чищення DPF i EGR (шт.),2,1889
BLOODY MARY 6L Засіб для для миття дисків pH=7 (Деіонізатор) (шт.),2,1478
MOTO CLEANER 20 L Засіб для миття двигунів (шт.),2,1373
WF STORM 10 l Засіб для автоматичних портальних мийок (шт.),2,1236
JUMBO 10 l Засіб для миття кухні (шт.),2,1152
DPF CLEANER 5L Засіб для чищення DPF i EGR (шт.),2,1096
"FINAL WAX 5L Гідровіск, що не потребує витирання (шт.)",2,1060
ALU EXPERT 10 l Концентрат для алюмінієвих поверхонь (шт.),2,921
INSECT 10 l Засіб для видалення залишків комах (шт.),2,756
EKO 10L Паста до миття рук (шт.),2,744
EXPERT READY 5L Засіб для знежирення та миття (шт.),2,700
Щітка + кий телескоп. 300 cm NEW PROFI 300 (шт.),2,643
Щітка синтетична + кий телескоп. 100-170 cm NEW PROFI 170 (шт.),2,509
IMPERIAL 4 l Гель для прання (шт.),2,456
Стягачка металева 80см (шт.),2,312
ICE KILLER 5 kg Засіб для розморожування (шт.),2,298
Щітка для миття вікон телескопічна (шт.),2,266
Рукавиця з мікрофібри (шт.),2,232
Стягачка металева 60см (шт.),2,220
Насадка на щітку жовта NEW PROFI 300 (2-площини) (шт.),2,208
Mercury Super 360 Pro 0.5L Ручний розпилювач для нейтральних рідин (шт.),2,165
PRO MAT 1 l Додаток для підготовки поверхонь перед фарбуванням (шт.),2,113
Рушник з мікрофібри 50 x 60 PRO 320 g/m2 (шт.),2,98
DPF CLEANER 20 L Засіб для чищення DPF i EGR (шт.),3,3593
BLACK 5L Засіб для захисту пластику та гуми (шт.),3,1340
BRAKE CLEANER 10 l Очищувач гальмівних поверхонь (шт.),3,919
SMOOTH 1L Нейтралізатор піни для устаткування для мийок (шт.),3,885
ALU EXPERT 5L Концентрат для алюмінієвих поверхонь (шт.),3,553
NIX HD Acid V 0.5L Ручний розпилювач під тиском для кислот (шт.),3,248
LAK 1 l Паста для митя рук від лаку і фарби (шт.),3,153
Кий алюмінєвий універсальний 130 см (шт.),3,148
ROST 700g Засіб для видалення вапняних відкладень та іржі (шт.),3,112
Пензлик DETAIL BRUSH 12  30 mm (шт.),3,112
Щітка колісна кругла 29 см (шт.),3,102
Рушник з мікрофібри 32 x 32 (шт.),3,20
Solvent 1L Ручний розпилювач під тиском для рідин з органічних розчинників (шт.),4,697
RED MONSTER 5L Засіб для миття дисків автомобільних (шт.),4,636
INSECT 5 l Засіб для видалення залишків комах (шт.),4,452
Nix HD Solvent 0.5L Ручний розпилювач для органічних розчинників (шт.),4,262
"INTENSIVE 1,5 l Засіб для полоскання тканин SPA (шт.)",4,208
"IMPERIAL 1,5 l Гель для прання - букет фруктів (шт.)",4,179
"IMPERIAL 1,5 l Гель для прання - овочевий мікс (шт.)",4,179
DEEP 200ml Освіжувач повітря - ейфорія (шт.),4,157
COCKPIT 600ml Засіб для поліролю пластикових елементів (шт.),4,112
ЩІтка для щищення поверхонь DETAIL EXPERT (шт.),4,72
Рукавиці захисні PERFECT GRIP латексні червоні (розмір: 9) (шт.),4,32
LATEX 20L Препарат для видалення латексу (шт.),5,2027
Рушник з мікрофібри синій FLUFFY 60 x 90 cm (шт.),5,312
DEEP 200ml Освіжувач повітря - мадагаскар (шт.),5,157
DEEP 200ml Освіжувач повітря - чорна субота (шт.),5,157
Щітка колісна довга 7 x 50 cm (шт.),5,145
BRAKE CLEANER 1L Очисник гальм (шт.),5,138
Стягачка води силіконова з ручкою (шт.),5,119
Губка для миття з мікроволокна (шт.),5,81
Рушник з мікрофібри синій 30x30 PROFESSIONAL 320 g/m2 (шт.),5,29
EXPERT READY 10L Засіб для знежирення та миття (шт.),6,1281
"INTENSIVE 1,5 l Засіб для полоскання тканин букет квітів (шт.)",6,208
Стягачка води силіконова без ручки (шт.),6,201
DEEP 200ml Освіжувач повітря - гібіскус (шт.),6,157
LEATHER PROTECTOR 200 ml Засіб для чищення і захисту шкіри (шт.),6,120
MOTO CLEANER 5L Засіб для миття двигунів (шт.),7,452
"INTENSIVE 1,5 l Засіб для полоскання тканин фруктовий мікс (шт.)",7,208
Щітка для миття автомобіля м'ягка CAMBER SOFT (шт.),7,193
DEEP 200ml Освіжувач повітря із запахом фруктовий мікс (шт.),7,157
Рушник з мікрофібри жовтий 40 x 40 PROFESSIONAL BS 330 g/m2 (шт.),7,72
SOFT HONEY 500ml Рідке мило із запахом меду (шт.),7,60
"Губка для миття (жовта, універсальна) (шт.)",7,52
LATEX 1L Препарат для видалення латексу (шт.),8,147
SOFT ORANGE 500ml Рідке мило із запахом апельсину (шт.),8,60
RED MONSTER 1L Засіб для миття дисків автомобільних (pH=1) (шт.),9,166
Рушник з мікрофібри оранж. 50 x 60  240 g/m2 (шт.),9,63
Рушник паперовий (300 шт.) BUNNY SOFT JUMBO (шт.),9,54
RED MONSTER (на розлив) Засіб для миття дисків автомобільних (шт.),9,
EKO 5 l Паста до миття рук (шт.),10,417
GLAMOUR VIRGIN 1L Піна активна нейтральна (шт.),10,157
ROST 1 kg Концентрат для видалення вапняку та іржі (шт.),10,157
FLUSH 750ml Гель для чищення туалету (шт.),10,92
WASH MASTER 1 l Засіб для миття посуду - лимон (шт.),10,74
DEEP 200ml Освіжувач повітря - морська свіжість (шт.),11,157
DEEP 200ml Освіжувач повітря - чорний виноград (шт.),11,157
TAPI WASHER 1L Засіб для чищення килимів та диванів (шт.),11,138
SUPER CLEAN 1L Засіб для автоматизованого миття підлоги (шт.),11,129
SHINE 200ml Засіб для миття моніторів та екранів LCD (шт.),11,78
DEEP 200ml Освіжувач повітря - алое (шт.),12,157
TRUCK STRONG 1kg Висококонцентрована рідина для миття вантажних автомобілів (шт.),12,129
FIANL WAX 1L Гідровіск автомобільний з осушувачем (шт.),13,230
AIR FRESH VANILLA 750ml Освіжувач повітря із запахом ванілі (шт.),13,228
FLAT EXPERT 1L Концентрат для миття підлоги (шт.),13,109
SHINE 750 ml Засіб для миття моніторів та екранів LCD (шт.),14,120
TRUCK 1kg Багатофункціональний засіб для миття вантажних автомобілів (шт.),14,119
Рушник з мікрофібри 40 x 40 PERFECT GLASS 240 g/m2 (шт.),14,45
GLAMOUR 1L Піна активна нейтральна для миття автомобілів (шт.),15,221
DEEP 200ml Освіжувач повітря із запахом квітів (шт.),15,157
DEEP 200ml Освіжувач повітря із запахом нового автомобіля (шт.),15,157
BLACK 200 ml Засіб для захисту пластику та гуми (шт.),15,119
DEEP 200ml Освіжувач повітря - зелений чай (шт.),16,157
PURE PERFECTION 1kg Піна активна для миття автомобілів (шт.),16,129
ROST 600g Засіб для видалення вапняних відкладень та іржі (шт.),17,120
TRUCK URBAN 1kg Висококонцентрована рідина для миття вантажних автомобілів (шт.),18,120
EASY WAX 200ml Віск автомобільний (шт.),18,83
DPF CLEANER 1L Засіб для чищення DPF i EGR (шт.),19,230
AIR FRESH APPLE 750ml Освіжувач повітря із запахом яблука (шт.),19,228
DEEP 200ml Освіжувач повітря - грейфрут (шт.),19,157
AGRO 1L Активна піна для миття агротехніки (шт.),20,184
"ROST ACTIVE 750ml Засіб для видалення вапняних відкладень з душових кабін, арматури та плитки (шт.)",21,138
MAGIC 1L Засіб для миття підлог (шт.),21,122
SHAMPOO – Cytryna 1 l Концентрований автомобільний шампунь з лимонним запахом (шт.),21,92
AIR FRESH – Zielona herbata 750 ml Освіжувач повітря з запахом зеленого чаю (шт.),23,228
WASH MASTER 1L Засіб для миття посуду - малина (шт.),24,74
SHAMPOO ACTIVE 1kg Активний шампунь для легкових автомобілів (шт.),25,138
TAPI 500ml Засіб для чищення килимів та диванів (шт.),25,120
LAMINEL 1L Рідина для чищення та догляду за панелями (ламінати) (шт.),25,92
NON STICKY 200ml Засіб для чищення лакованих поверхонь (шт.),26,248
WASH MASTER 1 l Засіб для миття посуду - алое (шт.),26,74
COCKPIT 500 ml Рідина для збереження пластикових елементів (шт.),27,120
SHAMPOO 1L Шампунь-концентрат для автомобілів із запахом жуйки (шт.),27,92
LEMON 500 ml Гель паста до миття рук з запахом лимону (шт.),28,69
LEATHER PROTECTOR 750ml Засіб для чищення і захисту шкіри (шт.),29,276
WASH MASTER 1 l Засіб для миття посуду - чорний виноград (шт.),29,74
DEFROSTER 750ml Відморожувач вікон (шт.),30,119
BLACK 750ml Засіб для захисту пластику та гуми (шт.),32,288
RED MONSTER 750ml Засіб для миття дисків автомобільних (pH=1) (шт.),32,120
EASY WAX 750ml Віск автомобільний (шт.),33,203
INSECT 600ml Засіб для видалення залишків комах (шт.),33,101
PLASTIC PASSION 600ml Засіб для чищення пластикових поверхонь (шт.),34,147
BASIC 1kg Засіб для глибокого чищення плитки (шт.),34,138
BLOODY MARY 750ml Засіб для для миття дисків pH=7 (Деіонізатор) (шт.),39,238
JUMBO 600ml Засіб для миття кухні (шт.),41,120
BRAKE CLEANER 0.5L Очисник гальм (шт.),44,83
NANO 750ml Засіб для миття скляних поверхонь (шт.),45,115
LEMON 1L Гель паста до миття рук із запахом лимону (шт.),46,120
ALU EXPERT 1L Концентрат для алюмінієвих поверхонь (шт.),48,120
BURNOUT 600ml Засіб для чищення духовок та камінів (шт.),52,166
MOTO CLEANER 600ml Засіб для миття двигунів (шт.),53,101
EKO 500 ml Паста до миття рук (шт.),66,50
MYSTERY 300 ml Делікатне мило-піна (шт.),74,83
COCKPIT 200 ml Рідина для збереження пластикових елементів (шт.),80,78
EXPERT READY 1L Засіб для знежирення та миття (шт.),211,157
DPF WASHER 20L Засіб для чищення DPF i EGR за допомогою установки (шт.),0,8836
AGRO 60L Активна піна для миття агротехніки (шт.),0,8569
SHAMPOO ACTIV 66 kg Активний шампунь для легкових автомобілів (шт.),0,6847
WF STORM 60 l Засіб для автоматичних портальних мийок (шт.),0,6464
PURE PERFECTION 66 kg Піна активна для миття автомобілів (шт.),0,6272
TRUCK 66 kg Багатофункціональний засіб для миття (шт.),0,5316
ALU EXPERT 60 l Концентрат для алюмінієвих поверхонь (шт.),0,5209
NON STICKY 5L Засіб для чищення лакованих поверхонь (шт.),0,3959
"FINAL WAX 20 l Гідровіск, що не потребує витирання (шт.)",0,3492
EXPERT 20 l Концентрат для знежирення та миття (шт.),0,3165
AGRO 200L Активна піна для миття агротехніки (шт.),0,28676
SHAMPOO ACTIV 220 kg Активний шампунь для легкових автомобілів (шт.),0,21284
BLOODY MARY 10 l Засіб для миття дисків (деоінізатор) (шт.),0,2540
SUMMER 10 l Концентрат засобу до миття вікон (літній) (шт.),0,2396
BLACK 10 l Засіб для захисту пластику та гуми (шт.),0,2381
WF STORM 20 l Засіб для автоматичних портальних мийок (шт.),0,2257
TAPI WASHER 20 l Концентрат для прання оббивки та килимів (шт.),0,2027
PURE PERFECTION 220 kg Піна активна для миття автомобілів (шт.),0,19019
TRUCK 220 kg Багатофункціональний засіб для миття (шт.),0,16266
ALU EXPERT 200 l Концентрат для алюмінієвих поверхонь (шт.),0,15894
MOTO CLEANER 200L Засіб для миття двигунів (шт.),0,13743
TRUCK 22 kg Багатофункціональний засіб для миття (шт.),0,1836
"FINAL WAX 10 l Гідровіск, що не потребує витирання (шт.)",0,1834
TRUCK URBAN 22 kg Висококонцентрований продукт для очищення міського транспорту (шт.),0,1834
TRUCK STRONG 22 kg Висококонцентрований продукт для миття вантажних автомобілів (шт.),0,1813
GLAMOUR 10 l Піна активна нейтральна (шт.),0,1797
EXPERT 10 l Концентрат для знежирення та миття (шт.),0,1677
FLAT EXPERT 20 l Концентрат для очищення промислових підлог (шт.),0,1637
LEATHER PROTECTOR 5L Засіб для чищення і захисту шкіри (шт.),0,1474
INSECT 20 l Засіб для видалення залишків комах (шт.),0,1437
PLASTIC PASSION 10 l Засіб для чищення пластикових поверхонь (шт.),0,1428
ROST 12 kg Концентрат для видалення вапняку та іржі (шт.),0,1373
COCKPIT 10l Рідина для збереження пластикових елементів (шт.),0,1281
INTENSIVE 10 l Засіб для полоскання тканин фруктовий мікс (шт.),0,1280
INTENSIVE 10L Засіб для полоскання тканин - Букет квітів (шт.),0,1280
Solvent Alu 0.5L Алюмінієвий обприскувач під тиском для рідин з органічних розчинників (шт.),0,1224
SHAMPOO – Cytryna 20 l Концентрований автомобільний шампунь з лимонним запахом (шт.),0,1198
SHAMPOO – Guma balonowa 20 l Концентрований автомобільний шампунь з запахом жуйки (шт.),0,1198
AIR FRESH – Jablko 5L Освіжувач повітря з запахом зеленого яблука (шт.),0,1191
AIR FRESH – Wanilia 5L Освіжувач повітря з ванільним запахом (шт.),0,1191
AIR FRESH – Zielona herbata 5L Освіжувач повітря з запахом зеленого чаю (шт.),0,1191
"ROST ACTIV 10 l Препарат до видалення вапняних відкладень з душових кабін, фітингів та плиток (шт.)",0,1152
SHAMPOO ACTIV 10 kg Активний шампунь для легкових автомобілів (шт.),0,1152
BASIC 10 kg Засіб для глибокого чищення (шт.),0,1133
LATEX 10L Препарат для видалення латексу (шт.),0,1106
IMPERIAL 10 l Гель для прання (шт.),0,1091
BURNOUT 5L Рідина для чищення духовок та камінів (шт.),0,1060
TRUCK STRONG 10 kg Висококонцентрований продукт для миття вантажних автомобілів (шт.),0,1042
PURE PERFECTION 10 kg Піна активна для миття автомобілів (шт.),0,1022
GLAMOUR 5L Піна активна нейтральна (шт.),0,1013
MAGIC 10 l Засіб для миття підлог (шт.),0,999
EXPERT 5L Концентрат для знежирення та миття (шт.),0,982
SUPER CLEAN 10 l Засіб для автоматизованого миття підлоги (шт.),0,982
ICE KILLER 20 kg Засіб для розморожування (шт.),0,972
TRUCK URBAN 10 kg Висококонцентрований продукт для очищення вантажних автомобілів (шт.),0,967
TRUCK 10 kg Багатофункціональний засіб для миття (шт.),0,943
NANO 10 l Засіб для миття скляних поверхонь (шт.),0,940
EASY WAX 5L Віск автомобільний (шт.),0,912
LEMON 10 l Гель паста до миття рук з запахом лимону (шт.),0,912
FLAT EXPERT 10 l Концентрат для очищення промислових підлог (шт.),0,883
NON STICKY 1L Засіб для чищення лакованих поверхонь (шт.),0,883
AGRO 5L Активна піна для миття агротехніки (шт.),0,875
PLASTIC PASSION 5L Засіб для чищення пластикових поверхонь (шт.),0,838
LEMON 6 l Гель паста до миття рук з запахом лимону (шт.),0,830
LAMINEL 10 l Рідина для чищення та догляду за панелями (ламінати) (шт.),0,814
ROST 6 kg Концентрат для видалення вапняку та іржі (шт.),0,783
Venus Super Foamer (Alka Line) 2L Ручний піноутворювач для лужних рідин (активних пін) (шт.),0,736
COCKPIT 5L Рідина для збереження пластикових елементів (шт.),0,719
TAPI 5L Засіб для чистки оббивки та килимів (шт.),0,719
"ROST ACTIV 5L Препарат до видалення вапняних відкладень з душових кабін, фітингів та плиток (шт.)",0,691
SOFT HONEY 10 l Рідке мило з запахом меду і молока (шт.),0,685
SOFT ORANGE 10 l Рідке мило з помаранчевим запахом (шт.),0,685
SHAMPOO ACTIV 5 kg Активний шампунь для легкових автомобілів (шт.),0,682
JUMBO 5L Засіб для миття кухні (шт.),0,673
SHAMPOO – Cytryna 10 l Концентрований автомобільний шампунь з лимонним запахом (шт.),0,673
SHAMPOO – Guma balonowa 10 l Концентрований автомобільний шампунь з запахом жуйки (шт.),0,673
TAPI WASHER 5L Концентрат для прання оббивки та килимів (шт.),0,663
BASIC 5 kg Засіб для глибокого чищення (шт.),0,645
LATEX 5L Препарат для видалення латексу (шт.),0,645
PURE PERFECTION 5 kg Піна активна для миття автомобілів (шт.),0,605
TRUCK STRONG 5 kg Висококонцентрований продукт для миття вантажних автомобілів (шт.),0,605
WASH MASTER 10 l Засіб для миття посуду - лимон (шт.),0,605
WASH MASTER 10 l Засіб для миття посуду - малина (шт.),0,605
NANO 5L Засіб для миття скляних поверхонь (шт.),0,599
MAGIC 5L Засіб для миття підлог (шт.),0,595
ALU EXPERT 6 l Концентрат для алюмінієвих поверхонь (шт.),0,584
TRUCK URBAN 5 kg Висококонцентрований продукт для очищення вантажних автомобілів (шт.),0,562
FLAT EXPERT 5L Концентрат для очищення промислових підлог (шт.),0,506
LAMINEL 5L Рідина для чищення та догляду за ламінатом (шт.),0,496
FLUSH 5L Гель для чищення туалету (шт.),0,461
SOFT HONEY 5L Рідке мило з запахом меду і молока (шт.),0,417
SOFT ORANGE 5L Рідке мило з помаранчевим запахом (шт.),0,417
MYSTERY 5L Делікатне мило-піна з запахом винограду (шт.),0,415
SHAMPOO – Cytryna 5L Концентрований автомобільний шампунь з лимонним запахом (шт.),0,405
SHAMPOO – Guma balonowa 5L Концентрований автомобільний шампунь з запахом жуйки (шт.),0,405
WASH MASTER - Cytryna 5L Засіб для миття посуду - лимонний запах (шт.),0,367
WASH MASTER - Malina 5L Засіб для миття посуду - малиновий запах (шт.),0,367
BLACK 1 l Засіб для захисту пластику та гуми (шт.),0,318
SUMMER 1 l Концентрат засобу до миття вікон (літній) (шт.),0,295
Рушник з мікрофібри синій 40 x 40 PROFESSIONAL BS 320 g/m2 (шт.),0,273
Рушник паперовий промисловий синій (300 м) (шт.),0,225
EXPERT 1 l Концентрат для знежирення та миття (шт.),0,208
MYSTERY 1L Делікатне мило-піна з запахом винограду (шт.),0,157
Mercury Super 360 Pro 1L Ручний розпилювач для нейтральних рідин (шт.),0,150
Рушник з мікроволокном PRO 420 g/m2 50 x 50 см (шт.),0,123
SOFT HONEY 1L Рідке мило із запахом меду (шт.),0,99
SOFT ORANGE 1 l Рідке мило з помаранчевим запахом (шт.),0,99
Щітка для шкіри натуральна (шт.),0,96
Рушники паперові зелені ZET-ZET (200 шт) (шт.),0,15
Папір туалет. 3-шаровий BUNNY SOFT FINESSE (шт.),0,8
AIR FRESH – Jablko 6 l Освіжувач повітря з запахом зеленого яблука (шт.),0,
AIR FRESH – Wanilia 6 l Освіжувач повітря з ванільним запахом (шт.),0,
AIR FRESH – Zielona herbata 6 l Освіжувач повітря з запахом зеленого чаю (шт.),0,
ALU EXPERT 2 x 20 l Концентрат для алюмінієвих поверхонь (шт.),0,
BASIC 11 kg Засіб для глибокого чищення (шт.),0,
BASIC 7 kg Засіб для глибокого чищення (шт.),0,
BLACK 20 l Засіб для захисту пластику та гуми (шт.),0,
BLACK 500 ml Засіб для захисту пластику та гуми (шт.),0,
BLACK 6 l Засіб для захисту пластику та гуми (шт.),0,
BRAKE CLEANER 2 x 20 l Очищувач гальмівних поверхонь (шт.),0,
BRAKE CLEANER 20 l Очищувач гальмівних поверхонь (шт.),0,
BURNOUT 6 l Рідина для чищення духовок та камінів (шт.),0,
COCKPIT 6 l Рідина для збереження пластикових елементів (шт.),0,
DEEP - Fuzja owocowa 6 l Освіжувач повітря (шт.),0,
DEEP - Kwiat pasji 6 l Освіжувач повітря (шт.),0,
DEEP - New Car 6 l Освіжувач повітря (шт.),0,
DEEP - Zielona herbata 6 l Освіжувач повітря (шт.),0,
DPF CLEANER 2 x 20 l Засіб для чищення DPF i EGR (шт.),0,
DPF CLEANER 6 l Засіб для чищення DPF i EGR (шт.),0,
EASY WAX 6 l Віск автомобільний (шт.),0,
EXPERT 6 l Концентрат для знежирення та миття (шт.),0,
"FINAL WAX 2 x 20 l Гідровіск, що не потребує витирання (шт.)",0,
"FINAL WAX 6 l Гідровіск, що не потребує витирання (шт.)",0,
FLAT EXPERT 2 x 20 l Концентрат для очищення промислових підлог (шт.),0,
FLAT EXPERT 6 l Концентрат для очищення промислових підлог (шт.),0,
FLUSH 6 l Гель для чищення туалету (шт.),0,
GLAMOUR 6 l Піна активна нейтральна (шт.),0,
IMPERIAL 10 l Гель для прання (шт.),0,
INSECT 2 x 20 l Засіб для видалення залишків комах (шт.),0,
INSECT 6 l Засіб для видалення залишків комах (шт.),0,
JUMBO 6 l Засіб для миття кухні (шт.),0,
LAK 10 l Паста для митя рук від лаку і фарби (шт.),0,
LAK 5 l Паста для митя рук від лаку і фарби (шт.),0,
LAMINEL 6 l Рідина для чищення та догляду за панелями (ламінати) (шт.),0,
LEATHER PROTECTOR 6 l Засіб для чищення і захисту шкіри (шт.),0,
MAGIC 6 l Засіб для миття підлог (шт.),0,
MOTO CLEANER 200 l Засіб для миття двигунів (шт.),0,
MOTO CLEANER 6 l Засіб для миття двигунів (шт.),0,
NANO 6 l Засіб для миття скляних поверхонь (шт.),0,
NON STICKY 500 ml Засіб для чищення лакованих поверхонь (шт.),0,
PLASTIC PASSION 6 l Засіб для чищення пластикових поверхонь (шт.),0,
PRO MAT 6 l Додаток для підготовки поверхонь перед фарбуванням (шт.),0,
PURE PERFECTION 1000 kg Піна активна для миття автомобілів (шт.),0,
PURE PERFECTION 11 kg Піна активна для миття автомобілів (шт.),0,
PURE PERFECTION 2 x 22 kg Піна активна для миття автомобілів (шт.),0,
RED MONSTER 2 x 20 l Засіб для миття дисків автомобільних (шт.),0,
RED MONSTER 6 l Засіб для миття дисків автомобільних (шт.),0,
ROST 8 kg Концентрат для видалення вапняку та іржі (шт.),0,
"ROST ACTIV 6 l Препарат до видалення вапняних відкладень з душових кабін, фітингів та плиток (шт.)",0,
SHAMPOO – Cytryna 2 x 20 l Концентрований автомобільний шампунь з лимонним запахом (шт.),0,
SHAMPOO – Cytryna 6 l Концентрований автомобільний шампунь з лимонним запахом (шт.),0,
SHAMPOO – Guma balonowa 2 x 20 l Концентрований автомобільний шампунь з запахом жуйки (шт.),0,
SHAMPOO – Guma balonowa 6 l Концентрований автомобільний шампунь з запахом жуйки (шт.),0,
SHAMPOO ACTIV 1000 kg Активний шампунь для легкових автомобілів (шт.),0,
SHAMPOO ACTIV 2 x 22 kg Активний шампунь для легкових автомобілів (шт.),0,
SOFT HONEY 6 l Рідке мило з запахом меду і молока (шт.),0,
SOFT ORANGE 6 l Рідке мило з помаранчевим запахом (шт.),0,
SUPER CLEAN 2 x 20 l Засіб для автоматизованого миття підлоги (шт.),0,
TAPI  6 l Засіб для чистки оббивки та килимів (шт.),0,
TAPI WASHER 2 x 20 l Концентрат для прання оббивки та килимів (шт.),0,
TAPI WASHER 6 l Концентрат для прання оббивки та килимів (шт.),0,
TRUCK 2 x 22 kg Багатофункціональний засіб для миття (шт.),0,
TRUCK 7 kg Багатофункціональний засіб для миття (шт.),0,
TRUCK STRONG 11 kg Висококонцентрований продукт для миття вантажних автомобілів (шт.),0,
TRUCK STRONG 2 x 22 kg Висококонцентрований продукт для миття вантажних автомобілів (шт.),0,
TRUCK STRONG 7 kg Висококонцентрований продукт для миття вантажних автомобілів (шт.),0,
TRUCK URBAN 11 kg Висококонцентрований продукт для очищення міського транспорту (шт.),0,
TRUCK URBAN 2 x 22 kg Висококонцентрований продукт для очищення міського транспорту (шт.),0,
TRUCK URBAN 7 kg Висококонцентрований продукт для очищення міського транспорту (шт.),0,
WASH MASTER 6 l Засіб для миття посуду - лимон (шт.),0,
WASH MASTER 6 l Засіб для миття посуду - малина (шт.),0,